SEGMENTID,TYPE,TYPE_ID,COUNT,FID,OBJECTID,DiveID,SegmentID_1,DiveYear,CruiseID,Region,Island,Lat,Long
20010207206,Cable,6,1,2925,3090,200102072,20010207206,2001,TC0110,PRIA,HOW,0.799008154,-176.6204091
20010209202,Anchor,2,1,3015,3180,200102092,20010209202,2001,TC0110,PRIA,BAK,0.201386165,-176.4833803
20010209203,Chain,4,3,3016,3181,200102092,20010209203,2001,TC0110,PRIA,BAK,0.198928498,-176.4846259
20010209205,Chain,4,3,3063,3228,200102092,20010209205,2001,TC0110,PRIA,BAK,0.195233453,-176.4869283
20010209404,Rubble,10,1,2531,2666,200102094,20010209404,2001,TC0110,PRIA,BAK,0.19088503,-176.46626
20010217307,Anchor,2,1,1112,1157,200102173,20010217307,2001,TC0110,PRIA,JAR,-0.377534915,-160.0150197
20010220203,Other,9,1,2972,3137,200102202,20010220203,2001,TC0110,PRIA,PAL,5.896871094,-162.1421467
20010221301,Line,1,1,3507,3702,200102213,20010221301,2001,TC0110,PRIA,KIN,6.382229873,-162.3912572
20020131108,Line,1,1,2731,2881,200201311,20020131108,2002,TC0201,PRIA,HOW,0.795875662,-176.6110772
20020131302,Line,1,1,3662,3872,200201313,20020131302,2002,TC0201,PRIA,HOW,0.798840472,-176.6202802
20020131305,Other,9,1,1346,1406,200201313,20020131305,2002,TC0201,PRIA,HOW,0.805942298,-176.6214
20020310305,Line,1,1,4274,4514,200203103,20020310305,2002,TC0201,PRIA,JAR,-0.37068046,-160.0095705
20020310306,Line,1,1,4275,4515,200203103,20020310306,2002,TC0201,PRIA,JAR,-0.369049078,-160.0080891
20020313305,Line,1,1,4303,4543,200203133,20020313305,2002,TC0201,PRIA,PAL,5.8976,-162.0948059
20020313502,Anchor,2,1,3797,4007,200203135,20020313502,2002,TC0201,PRIA,PAL,5.882938579,-162.1283843
20020313506,Drum,11,1,3801,4011,200203135,20020313506,2002,TC0201,PRIA,PAL,5.883714074,-162.1190212
20020316202,Line,1,1,2853,3018,200203162,20020316202,2002,TC0201,PRIA,PAL,5.894161972,-162.0546549
20040112301,Cable,6,4,7374,7764,200401123,20040112301,2004,OES0401,PRIA,JOH,16.67025708,-169.5646277
20040112303,Metal,3,1,7376,7766,200401123,20040112303,2004,OES0401,PRIA,JOH,16.67093161,-169.5611452
20040112502,Anchor,2,1,7311,7701,200401125,20040112502,2004,OES0401,PRIA,JOH,16.70441573,-169.46682
20040112502,Metal,3,4,7311,7701,200401125,20040112502,2004,OES0401,PRIA,JOH,16.70441573,-169.46682
20040114501,Line,1,1,5866,6211,200401145,20040114501,2004,OES0401,PRIA,JOH,16.74195057,-169.5265971
20040114501,Rubble,10,2,5866,6211,200401145,20040114501,2004,OES0401,PRIA,JOH,16.74195057,-169.5265971
20040114502,Cable,6,2,5989,6334,200401145,20040114502,2004,OES0401,PRIA,JOH,16.74333992,-169.5244201
20040114502,Pipe,8,1,5989,6334,200401145,20040114502,2004,OES0401,PRIA,JOH,16.74333992,-169.5244201
20040114503,Cable,6,3,6914,7259,200401145,20040114503,2004,OES0401,PRIA,JOH,16.74443322,-169.5228103
20040114503,Pipe,8,4,6914,7259,200401145,20040114503,2004,OES0401,PRIA,JOH,16.74443322,-169.5228103
20040114505,Cable,6,2,6917,7277,200401145,20040114505,2004,OES0401,PRIA,JOH,16.74659876,-169.5204712
20040114505,Pipe,8,1,6917,7277,200401145,20040114505,2004,OES0401,PRIA,JOH,16.74659876,-169.5204712
20040114506,Cable,6,2,6918,7278,200401145,20040114506,2004,OES0401,PRIA,JOH,16.74786408,-169.5195718
20040114506,Pipe,8,2,6918,7278,200401145,20040114506,2004,OES0401,PRIA,JOH,16.74786408,-169.5195718
20040326301,Line,1,1,3004,3169,200403263,20040326301,2004,OES0404,PRIA,JAR,-0.370485082,-160.0097625
20040326303,Anchor,2,1,2578,2713,200403263,20040326303,2004,OES0404,PRIA,JAR,-0.368632939,-160.0082529
20040327104,Line,1,1,6722,7067,200403271,20040327104,2004,OES0404,PRIA,JAR,-0.374771955,-160.0132207
20060118202,Metal,3,1,11671,12211,200601182,20060118202,2006,HI0601,PRIA,JOH,16.74397757,-169.5213173
20060119310,Line,1,1,7865,8270,200601193,20060119310,2006,HI0601,PRIA,JOH,16.78394181,-169.4908882
20060130401,Anchor,2,1,10063,10528,200601304,20060130401,2006,HI0601,PRIA,BAK,0.192078221,-176.4886509
20060130403,Chain,4,1,10065,10530,200601304,20060130403,2006,HI0601,PRIA,BAK,0.194800418,-176.4872497
20060130404,Chain,4,1,10066,10531,200601304,20060130404,2006,HI0601,PRIA,BAK,0.196529601,-176.4862869
20070430103,Net,5,1,11771,12326,200704301,20070430103,2007,HI0701,PRIA,WAK,19.31584807,166.6343542
20070430104,Net,5,1,11772,12327,200704301,20070430104,2007,HI0701,PRIA,WAK,19.31539,166.6319453
20070430106,Net,5,1,11774,12329,200704301,20070430106,2007,HI0701,PRIA,WAK,19.31607002,166.627305
20070430402,Chain,4,1,13252,13897,200704304,20070430402,2007,HI0701,PRIA,WAK,19.29374642,166.6038807
20070430403,Anchor,2,3,13253,13898,200704304,20070430403,2007,HI0701,PRIA,WAK,19.29263029,166.6054396
20070430403,Chain,4,1,13253,13898,200704304,20070430403,2007,HI0701,PRIA,WAK,19.29263029,166.6054396
20070430406,Cable,6,1,13256,13901,200704304,20070430406,2007,HI0701,PRIA,WAK,19.28990559,166.6093144
20070430407,Anchor,2,4,13257,13902,200704304,20070430407,2007,HI0701,PRIA,WAK,19.28932721,166.6104056
20070430410,Other,9,1,13260,13905,200704304,20070430410,2007,HI0701,PRIA,WAK,19.28649297,166.613477
20070430505,Wreck,7,1,12365,12980,200704305,20070430505,2007,HI0701,PRIA,WAK,19.28199919,166.6222832
20070501103,Net,5,1,14190,14850,200705011,20070501103,2007,HI0701,PRIA,WAK,19.31286724,166.6501291
20070501206,Line,1,1,14203,14863,200705012,20070501206,2007,HI0701,PRIA,WAK,19.28264085,166.6567236
20070501306,Net,5,1,12577,13207,200705013,20070501306,2007,HI0701,PRIA,WAK,19.26721863,166.6570441
20070501310,Net,5,1,12581,13211,200705013,20070501310,2007,HI0701,PRIA,WAK,19.27192169,166.6477566
20070501401,Net,5,1,12582,13212,200705014,20070501401,2007,HI0701,PRIA,WAK,19.27548501,166.64072
20070501402,Drum,11,2,12583,13213,200705014,20070501402,2007,HI0701,PRIA,WAK,19.27642551,166.6387017
20070501405,Net,5,1,12586,13216,200705014,20070501405,2007,HI0701,PRIA,WAK,19.27866583,166.6327383
20070501410,Wreck,7,1,14211,14871,200705014,20070501410,2007,HI0701,PRIA,WAK,19.28196249,166.62242
20070501608,Line,1,1,11779,12334,200705016,20070501608,2007,HI0701,PRIA,WAK,19.30680554,166.5937582
20070502210,Net,5,1,12396,13011,200705022,20070502210,2007,HI0701,PRIA,WAK,19.3157127,166.6421919
20070503107,Other ,9,1,13690,14335,200705031,20070503107,2007,HI0701,PRIA,WAK,19.27687712,166.6382415
20070503203,Metal,3,1,14236,14896,200705032,20070503203,2007,HI0701,PRIA,WAK,19.28192503,166.6257899
20070503207,Net,5,1,14240,14900,200705032,20070503207,2007,HI0701,PRIA,WAK,19.28452519,166.6170724
20070503209,Wreck,7,1,14242,14902,200705032,20070503209,2007,HI0701,PRIA,WAK,19.28656266,166.6142173
20070503210,Wreck,7,1,14243,14903,200705032,20070503210,2007,HI0701,PRIA,WAK,19.28789689,166.6132097
20070503301,Pipe,8,1,14244,14904,200705033,20070503301,2007,HI0701,PRIA,WAK,19.29036768,166.6101623
20080127202,Pipe,8,1,14027,14687,200801272,20080127202,2008,HI0801,PRIA,JOH,16.72905558,-169.5552786
20080127208,Cable,6,2,12904,13549,200801272,20080127208,2008,HI0801,PRIA,JOH,16.73519942,-169.551209
20080201105,Metal,3,2,15453,16173,200802011,20080201105,2008,HI0801,PRIA,JOH,16.68763912,-169.5202113
20080201105,Munition,12,2,15453,16173,200802011,20080201105,2008,HI0801,PRIA,JOH,16.68763912,-169.5202113
20080201201,Metal,3,1,15459,16179,200802012,20080201201,2008,HI0801,PRIA,JOH,16.67543138,-169.5382249
20080201201,Other,9,1,15459,16179,200802012,20080201201,2008,HI0801,PRIA,JOH,16.67543138,-169.5382249
20080201202,Metal,3,1,15460,16180,200802012,20080201202,2008,HI0801,PRIA,JOH,16.67578838,-169.5406661
20080206308,Metal,3,1,15479,16199,200802063,20080206308,2008,HI0801,PRIA,HOW,0.806625704,-176.621603
20080208103,Cable,6,1,15520,16240,200802081,20080208103,2008,HI0801,PRIA,BAK,0.198275759,-176.4851126
20080208104,Chain,4,4,15521,16241,200802081,20080208104,2008,HI0801,PRIA,BAK,0.196251139,-176.4863208
20080208104,Metal,3,1,15521,16241,200802081,20080208104,2008,HI0801,PRIA,BAK,0.196251139,-176.4863208
20080208105,Anchor,2,1,15522,16242,200802081,20080208105,2008,HI0801,PRIA,BAK,0.194247883,-176.4875355
20080208107,Anchor,2,1,15524,16244,200802081,20080208107,2008,HI0801,PRIA,BAK,0.190529637,-176.4888769
20080209301,Anchor,2,1,13725,14370,200802093,20080209301,2008,HI0801,PRIA,BAK,0.191455185,-176.4889406
20080209302,Anchor,2,2,13726,14371,200802093,20080209302,2008,HI0801,PRIA,BAK,0.193458147,-176.4880233
20080209303,Anchor,2,3,13727,14372,200802093,20080209303,2008,HI0801,PRIA,BAK,0.195663125,-176.4865865
20080326101,Line,1,3,21653,21598,200803261,20080326101,2008,HI0803,PRIA,JAR,-0.381815777,-160.0081884
20080326308,Net,5,1,21651,21596,200803263,20080326308,2008,HI0803,PRIA,JAR,-0.362996424,-159.9913911
20080326409,Line,1,1,21674,21619,200803264,20080326409,2008,HI0803,PRIA,JAR,-0.371138703,-160.0103855
20080326504,Line,1,3,21679,21624,200803265,20080326504,2008,HI0803,PRIA,JAR,-0.377765911,-160.0152204
20080326601,Line,1,1,21686,21631,200803266,20080326601,2008,HI0803,PRIA,JAR,-0.382380019,-160.0038971
20080327109,Line,1,1,21720,21665,200803271,20080327109,2008,HI0803,PRIA,JAR,-0.370803991,-160.0097898
20080327306,Line,1,1,21767,21712,200803273,20080327306,2008,HI0803,PRIA,JAR,-0.377198991,-159.9829353
20080328309,Line,1,1,21854,21799,200803283,20080328309,2008,HI0803,PRIA,JAR,-0.370111166,-160.0089303
20080328310,Line,1,1,21855,21800,200803283,20080328310,2008,HI0803,PRIA,JAR,-0.371368688,-160.0106226
20080328403,Line,1,1,21858,21803,200803284,20080328403,2008,HI0803,PRIA,JAR,-0.375008249,-160.0133269
20080328404,Line,1,1,21859,21804,200803284,20080328404,2008,HI0803,PRIA,JAR,-0.376742191,-160.0145306
20080328601,Net,5,1,21889,21834,200803286,20080328601,2008,HI0803,PRIA,JAR,-0.363098524,-159.9903273
20080330102,Line,1,1,1373,1433,200803301,20080330102,2008,HI0803,PRIA,PAL,5.866620532,-162.1175596
20080330104,Anchor,2,1,1375,1435,200803301,20080330104,2008,HI0803,PRIA,PAL,5.866453536,-162.1144543
20080330402,Line,1,1,16086,16821,200803304,20080330402,2008,HI0803,PRIA,PAL,5.866600719,-162.0617388
20080331403,Other,9,1,1268,1328,200803314,20080331403,2008,HI0803,PRIA,PAL,5.896922771,-162.1436292
20080331404,Chain,4,1,1269,1329,200803314,20080331404,2008,HI0803,PRIA,PAL,5.897305009,-162.141286
20080331505,Other,9,1,446,491,200803315,20080331505,2008,HI0803,PRIA,PAL,5.896768619,-162.1188143
20080331510,Line,1,1,451,496,200803315,20080331510,2008,HI0803,PRIA,PAL,5.897252918,-162.1085736
20080401203,Line,1,1,14447,15122,200804012,20080401203,2008,HI0803,PRIA,PAL,5.896872025,-162.0590872
20080402109,Line,1,1,1384,1444,200804021,20080402109,2008,HI0803,PRIA,PAL,5.882582941,-162.1339822
20080404104,Line,1,1,16273,17008,200804041,20080404104,2008,HI0803,PRIA,KIN,6.381460186,-162.4033835
20080406508,Anchor,2,1,19422,17113,200804065,20080406508,2008,HI0803,PRIA,KIN,6.404050548,-162.3521488
20080406508,Pipe,8,2,19422,17113,200804065,20080406508,2008,HI0803,PRIA,KIN,6.404050548,-162.3521488
20080406607,Wreck,7,1,14357,15017,200804066,20080406607,2008,HI0803,PRIA,KIN,6.419641154,-162.3693118
20090323101,Anchor,2,1,10986,11496,200903231,20090323101,2009,HI0901,PRIA,WAK,19.27481965,166.6418039
20090323101,Line,1,1,10986,11496,200903231,20090323101,2009,HI0901,PRIA,WAK,19.27481965,166.6418039
20090323103,Line,1,2,10988,11498,200903231,20090323103,2009,HI0901,PRIA,WAK,19.27265809,166.6465406
20090323106,Line,1,1,19781,19711,200903231,20090323106,2009,HI0901,PRIA,WAK,19.26948623,166.6534815
20090323107,Other,9,1,19782,19712,200903231,20090323107,2009,HI0901,PRIA,WAK,19.26818073,166.6554185
20090323203,Net,5,1,19788,19718,200903232,20090323203,2009,HI0901,PRIA,WAK,19.27658392,166.6570739
20090323205,Line,1,1,18859,3635,200903232,20090323205,2009,HI0901,PRIA,WAK,19.28064298,166.656236
20090324209,Anchor,2,1,2201,2336,200903242,20090324209,2009,HI0901,PRIA,WAK,19.29303379,166.6050249
20090324209,Chain,4,1,2201,2336,200903242,20090324209,2009,HI0901,PRIA,WAK,19.29303379,166.6050249
20090324210,Anchor,2,1,18690,126,200903242,20090324210,2009,HI0901,PRIA,WAK,19.29214492,166.6064264
20090324210,Chain,4,1,18690,126,200903242,20090324210,2009,HI0901,PRIA,WAK,19.29214492,166.6064264
20090324301,Anchor,2,1,200,230,200903243,20090324301,2009,HI0901,PRIA,WAK,19.29141154,166.606909
20090324301,Chain,4,4,200,230,200903243,20090324301,2009,HI0901,PRIA,WAK,19.29141154,166.606909
20090324301,Wreck,7,1,200,230,200903243,20090324301,2009,HI0901,PRIA,WAK,19.29141154,166.606909
20090324302,Anchor,2,2,201,231,200903243,20090324302,2009,HI0901,PRIA,WAK,19.29068995,166.6085013
20090324302,Line,1,1,201,231,200903243,20090324302,2009,HI0901,PRIA,WAK,19.29068995,166.6085013
20090324303,Anchor,2,4,202,232,200903243,20090324303,2009,HI0901,PRIA,WAK,19.28952752,166.6098001
20090324303,Line,1,1,202,232,200903243,20090324303,2009,HI0901,PRIA,WAK,19.28952752,166.6098001
20090324304,Line,1,4,203,233,200903243,20090324304,2009,HI0901,PRIA,WAK,19.28860948,166.6112655
20090324305,Anchor,2,1,204,234,200903243,20090324305,2009,HI0901,PRIA,WAK,19.287561,166.6127464
20090324305,Cable,6,2,204,234,200903243,20090324305,2009,HI0901,PRIA,WAK,19.287561,166.6127464
20090324306,Anchor,2,1,205,235,200903243,20090324306,2009,HI0901,PRIA,WAK,19.28617795,166.6137438
20090324306,Line,1,1,205,235,200903243,20090324306,2009,HI0901,PRIA,WAK,19.28617795,166.6137438
20090324306,Net,5,1,205,235,200903243,20090324306,2009,HI0901,PRIA,WAK,19.28617795,166.6137438
20090324408,Net,5,2,2203,2338,200903244,20090324408,2009,HI0901,PRIA,WAK,19.27888679,166.6326183
20090324503,Metal,3,1,2208,2343,200903245,20090324503,2009,HI0901,PRIA,WAK,19.27658431,166.6381506
20090324504,Metal,3,1,2209,2344,200903245,20090324504,2009,HI0901,PRIA,WAK,19.27581721,166.6400016
20090324505,Metal,3,2,2210,2345,200903245,20090324505,2009,HI0901,PRIA,WAK,19.2749012,166.641845
20090324505,Net,5,1,2210,2345,200903245,20090324505,2009,HI0901,PRIA,WAK,19.2749012,166.641845
20090324506,Metal,3,1,2211,2346,200903245,20090324506,2009,HI0901,PRIA,WAK,19.27407262,166.6437043
20090324507,Line,1,1,2212,2347,200903245,20090324507,2009,HI0901,PRIA,WAK,19.27322121,166.6455554
20090324508,Line,1,1,2213,2348,200903245,20090324508,2009,HI0901,PRIA,WAK,19.27223799,166.6472973
20090324510,Net,5,1,2215,2350,200903245,20090324510,2009,HI0901,PRIA,WAK,19.27101161,166.6510255
20090325207,Metal,3,1,539,584,200903252,20090325207,2009,HI0901,PRIA,WAK,19.28226931,166.6214445
20090325208,Metal,3,1,540,585,200903252,20090325208,2009,HI0901,PRIA,WAK,19.28188171,166.6230677
20090325208,Wreck,7,1,540,585,200903252,20090325208,2009,HI0901,PRIA,WAK,19.28188171,166.6230677
20090326201,Net,5,1,2226,2361,200903262,20090326201,2009,HI0901,PRIA,WAK,19.27417841,166.6427957
20090326203,Metal,3,1,2228,2363,200903262,20090326203,2009,HI0901,PRIA,WAK,19.27607392,166.6396401
20090326203,Munition,12,1,2228,2363,200903262,20090326203,2009,HI0901,PRIA,WAK,19.27607392,166.6396401
20100124201,Pipe,8,1,1416,1491,201001242,20100124201,2010,HI1001 Leg I,PRIA,JOH,16.73156198,-169.5538749
20100124202,Cable,6,1,1417,1492,201001242,20100124202,2010,HI1001 Leg I,PRIA,JOH,16.73294974,-169.5527626
20100126105,Rubble,10,1,1616,1706,201001261,20100126105,2010,HI1001 Leg I,PRIA,JOH,16.73051043,-169.5457823
20100126106,Metal,3,1,1617,1707,201001261,20100126106,2010,HI1001 Leg I,PRIA,JOH,16.73159931,-169.5443562
20100126106,Pipe,8,1,1617,1707,201001261,20100126106,2010,HI1001 Leg I,PRIA,JOH,16.73159931,-169.5443562
20100126108,Rubble,10,1,1619,1709,201001261,20100126108,2010,HI1001 Leg I,PRIA,JOH,16.73211785,-169.5405953
20100126201,Line,1,1,1482,1557,201001262,20100126201,2010,HI1001 Leg I,PRIA,JOH,16.74291406,-169.52304
20100126202,Metal,3,9,1483,1558,201001262,20100126202,2010,HI1001 Leg I,PRIA,JOH,16.74357864,-169.5217328
20100126202,Wreck,7,1,1483,1558,201001262,20100126202,2010,HI1001 Leg I,PRIA,JOH,16.74357864,-169.5217328
20100126203,Metal,3,12,1484,1559,201001262,20100126203,2010,HI1001 Leg I,PRIA,JOH,16.74439815,-169.5205253
20100126204,Cable,6,4,1485,1560,201001262,20100126204,2010,HI1001 Leg I,PRIA,JOH,16.74511351,-169.5191671
20100126205,Cable,6,1,18751,1561,201001262,20100126205,2010,HI1001 Leg I,PRIA,JOH,16.74579102,-169.5179016
20100126208,Drum,11,4,18754,1564,201001262,20100126208,2010,HI1001 Leg I,PRIA,JOH,16.74941009,-169.5169189
20100126303,Cable,6,1,18759,1569,201001263,20100126303,2010,HI1001 Leg I,PRIA,JOH,16.75638394,-169.5109065
20100126304,Cable,6,1,18760,1570,201001263,20100126304,2010,HI1001 Leg I,PRIA,JOH,16.75781197,-169.5101639
20100127108,Pipe,8,1,18767,1712,201001271,20100127108,2010,HI1001 Leg I,PRIA,JOH,16.7098548,-169.4828743
20100127403,Metal,3,2,1563,1653,201001274,20100127403,2010,HI1001 Leg I,PRIA,JOH,16.68414555,-169.525282
20100127404,Metal,3,7,1564,1654,201001274,20100127404,2010,HI1001 Leg I,PRIA,JOH,16.68499287,-169.5240279
20100127405,Metal,3,5,1565,1655,201001274,20100127405,2010,HI1001 Leg I,PRIA,JOH,16.68600759,-169.5229747
20100127406,Metal,3,4,1566,1656,201001274,20100127406,2010,HI1001 Leg I,PRIA,JOH,16.68649984,-169.5213666
20100127408,Pipe,8,1,1568,1658,201001274,20100127408,2010,HI1001 Leg I,PRIA,JOH,16.68844816,-169.5183045
20100206305,Chain,4,3,779,824,201002063,20100206305,2010,HI1001 Leg I,PRIA,BAK,0.205015483,-176.4809093
20100206309,Anchor,2,1,1060,1105,201002063,20100206309,2010,HI1001 Leg I,PRIA,BAK,0.197156886,-176.4857432
20100206310,Anchor,2,7,1061,1106,201002063,20100206310,2010,HI1001 Leg I,PRIA,BAK,0.195467887,-176.4867272
20100206310,Metal,3,5,1061,1106,201002063,20100206310,2010,HI1001 Leg I,PRIA,BAK,0.195467887,-176.4867272
20100206310,Pipe,8,3,1061,1106,201002063,20100206310,2010,HI1001 Leg I,PRIA,BAK,0.195467887,-176.4867272
20100207301,Anchor,2,1,952,997,201002073,20100207301,2010,HI1001 Leg I,PRIA,BAK,0.197846805,-176.4852972
20100207301,Chain,4,1,952,997,201002073,20100207301,2010,HI1001 Leg I,PRIA,BAK,0.197846805,-176.4852972
20100207301,Line,1,1,952,997,201002073,20100207301,2010,HI1001 Leg I,PRIA,BAK,0.197846805,-176.4852972
20100207302,Chain,4,3,953,998,201002073,20100207302,2010,HI1001 Leg I,PRIA,BAK,0.196354089,-176.4861732
20100207302,Metal,3,1,953,998,201002073,20100207302,2010,HI1001 Leg I,PRIA,BAK,0.196354089,-176.4861732
20100207303,Anchor,2,1,954,999,201002073,20100207303,2010,HI1001 Leg I,PRIA,BAK,0.194898547,-176.4871348
20100207303,Chain,4,5,954,999,201002073,20100207303,2010,HI1001 Leg I,PRIA,BAK,0.194898547,-176.4871348
20100207303,Line,1,1,954,999,201002073,20100207303,2010,HI1001 Leg I,PRIA,BAK,0.194898547,-176.4871348
20100207303,Metal,3,7,954,999,201002073,20100207303,2010,HI1001 Leg I,PRIA,BAK,0.194898547,-176.4871348
20100207304,Chain,4,1,955,1000,201002073,20100207304,2010,HI1001 Leg I,PRIA,BAK,0.193368395,-176.487945
20100207305,Anchor,2,3,956,1001,201002073,20100207305,2010,HI1001 Leg I,PRIA,BAK,0.1918309,-176.4887722
20100207305,Chain,4,1,956,1001,201002073,20100207305,2010,HI1001 Leg I,PRIA,BAK,0.1918309,-176.4887722
20100207308,Line,1,1,959,1004,201002073,20100207308,2010,HI1001 Leg I,PRIA,BAK,0.18887742,-176.4869967
20100207309,Net,5,1,960,1005,201002073,20100207309,2010,HI1001 Leg I,PRIA,BAK,0.188756026,-176.4854195
20100207309,Pipe,8,1,960,1005,201002073,20100207309,2010,HI1001 Leg I,PRIA,BAK,0.188756026,-176.4854195
20100207310,Anchor,2,2,961,1006,201002073,20100207310,2010,HI1001 Leg I,PRIA,BAK,0.188713296,-176.483864
20100207310,Metal,3,3,961,1006,201002073,20100207310,2010,HI1001 Leg I,PRIA,BAK,0.188713296,-176.483864
20100401107,Line,1,1,47,48,201004011,20100401107,2010,HI1001 Leg III,PRIA,JAR,-0.382353432,-160.003595
20100401503,Line,1,1,8,9,201004015,20100401503,2010,HI1001 Leg III,PRIA,JAR,-0.377764933,-160.0155433
20100401510,Anchor,2,1,30,31,201004015,20100401510,2010,HI1001 Leg III,PRIA,JAR,-0.368723682,-160.0081673
20100402504,Line,1,2,94,95,201004025,20100402504,2010,HI1001 Leg III,PRIA,JAR,-0.382432132,-160.0032889
20100408209,Line,1,2,389,434,201004082,20100408209,2010,HI1001 Leg III,PRIA,PAL,5.897282044,-162.0600574
20100410110,Line,1,2,703,748,201004101,20100410110,2010,HI1001 Leg III,PRIA,PAL,5.865868839,-162.1237656
20100410508,Line,1,1,727,772,201004105,20100410508,2010,HI1001 Leg III,PRIA,PAL,5.886392368,-162.1666752
20100410510,Line,1,1,729,774,201004105,20100410510,2010,HI1001 Leg III,PRIA,PAL,5.887997852,-162.1645698
20100411202,Line,1,1,741,786,201004112,20100411202,2010,HI1001 Leg III,PRIA,PAL,5.870284745,-162.1311966
20100415308,Line,1,1,2010,2130,201004153,20100415308,2010,HI1001 Leg III,PRIA,KIN,6.429070349,-162.3824079
20100415504,Metal,3,3,1637,1742,201004155,20100415504,2010,HI1001 Leg III,PRIA,KIN,6.404822591,-162.352834
20100415505,Metal,3,6,1638,1743,201004155,20100415505,2010,HI1001 Leg III,PRIA,KIN,6.403450357,-162.3516082
20100415505,Other,9,3,1638,1743,201004155,20100415505,2010,HI1001 Leg III,PRIA,KIN,6.403450357,-162.3516082
20100415506,Net,5,1,1639,1744,201004155,20100415506,2010,HI1001 Leg III,PRIA,KIN,6.402058512,-162.3503697
20100416309,Line,1,1,3233,3398,201004163,20100416309,2010,HI1001 Leg III,PRIA,KIN,6.415202128,-162.4440418
20110324101,Line,1,1,1786,1906,201103241,20110324101,2011,HA1101,PRIA,WAK,19.27498383,166.6419446
20110324101,Line,1,2,1786,1906,201103241,20110324101,2011,HA1101,PRIA,WAK,19.27498383,166.6419446
20110324105,Net,5,1,1790,1910,201103241,20110324105,2011,HA1101,PRIA,WAK,19.27110015,166.6503411
20110324502,Chain,4,1,1875,1995,201103245,20110324502,2011,HA1101,PRIA,WAK,19.29120096,166.6080986
20110324503,Anchor,2,7,1876,1996,201103245,20110324503,2011,HA1101,PRIA,WAK,19.29007348,166.6098826
20110324504,Metal,3,6,1877,1997,201103245,20110324504,2011,HA1101,PRIA,WAK,19.28861411,166.6117895
20110324505,Wreck,7,9,1878,1998,201103245,20110324505,2011,HA1101,PRIA,WAK,19.28698189,166.6133557
20110324510,Wreck,7,1,1883,2003,201103245,20110324510,2011,HA1101,PRIA,WAK,19.28206878,166.6232844
20120302107,Anchor,2,1,28799,28785,201203021,20120302107,2012,HA1201,PRIA,JOH,16.72082687,-169.5590963
20120302203,Metal,3,3,28805,28791,201203022,20120302203,2012,HA1201,PRIA,JOH,16.72935333,-169.555023
20120302207,Rubble,10,1,28863,28849,201203022,20120302207,2012,HA1201,PRIA,JOH,16.73370008,-169.5523438
20120302209,Cable,6,1,28865,28851,201203022,20120302209,2012,HA1201,PRIA,JOH,16.7358542,-169.55076
20120304203,Metal,3,1,28993,28994,201203042,20120304203,2012,HA1201,PRIA,JOH,16.69260598,-169.5373472
20120304305,Metal,3,1,29178,29179,201203043,20120304305,2012,HA1201,PRIA,JOH,16.69643715,-169.5396106
20120304509,Metal,3,1,29200,29201,201203045,20120304509,2012,HA1201,PRIA,JOH,16.7054729,-169.4698695
20120305307,Drum,11,1,29227,29228,201203053,20120305307,2012,HA1201,PRIA,JOH,16.71194601,-169.5289112
20120305308,Other,9,1,29228,29229,201203053,20120305308,2012,HA1201,PRIA,JOH,16.71259991,-169.5273116
20120305309,Drum,11,1,29229,29230,201203053,20120305309,2012,HA1201,PRIA,JOH,16.7125177,-169.5256964
20120306102,Rubble,10,1,29232,29233,201203061,20120306102,2012,HA1201,PRIA,JOH,16.7269564,-169.5490185
20120306103,Cable,6,1,29270,29271,201203061,20120306103,2012,HA1201,PRIA,JOH,16.72804514,-169.5485477
20120306105,Cable,6,2,29272,29273,201203061,20120306105,2012,HA1201,PRIA,JOH,16.73005578,-169.5463717
20120306106,Metal,3,1,29273,29274,201203061,20120306106,2012,HA1201,PRIA,JOH,16.73138139,-169.5447515
20120306107,Rubble,10,1,29274,29275,201203061,20120306107,2012,HA1201,PRIA,JOH,16.7318685,-169.5426692
20120306109,Rubble,10,3,29276,29277,201203061,20120306109,2012,HA1201,PRIA,JOH,16.73279281,-169.5392696
20120306201,Cable,6,2,29206,29207,201203062,20120306201,2012,HA1201,PRIA,JOH,16.73484607,-169.5361981
20120306202,Cable,6,3,29207,29208,201203062,20120306202,2012,HA1201,PRIA,JOH,16.73546526,-169.5348688
20120306203,Metal,3,1,29208,29209,201203062,20120306203,2012,HA1201,PRIA,JOH,16.73634447,-169.5336138
20120306205,Metal,3,1,29210,29211,201203062,20120306205,2012,HA1201,PRIA,JOH,16.73798206,-169.5311758
20120306205,Other,9,1,29210,29211,201203062,20120306205,2012,HA1201,PRIA,JOH,16.73798206,-169.5311758
20120306205,Wreck,7,1,29210,29211,201203062,20120306205,2012,HA1201,PRIA,JOH,16.73798206,-169.5311758
20120306207,Cable,6,1,29212,29213,201203062,20120306207,2012,HA1201,PRIA,JOH,16.74037146,-169.5288659
20120306208,Pipe,8,1,29213,29214,201203062,20120306208,2012,HA1201,PRIA,JOH,16.74120405,-169.5272928
20120306209,Anchor,2,1,29214,29215,201203062,20120306209,2012,HA1201,PRIA,JOH,16.74207382,-169.5257981
20120311601,Line,1,1,29069,29070,201203116,20120311601,2012,HA1201,PRIA,HOW,0.81661807,-176.6247202
20120312504,Chain,4,1,29146,29147,201203125,20120312504,2012,HA1201,PRIA,HOW,0.80761238,-176.6216765
20120315101,Metal,3,1,28349,28305,201203151,20120315101,2012,HA1201,PRIA,BAK,0.19225123,-176.4885929
20120315102,Anchor,2,4,28390,28361,201203151,20120315102,2012,HA1201,PRIA,BAK,0.19392089,-176.4876949
20120315102,Chain,4,3,28390,28361,201203151,20120315102,2012,HA1201,PRIA,BAK,0.19392089,-176.4876949
20120315103,Chain,4,7,28391,28362,201203151,20120315103,2012,HA1201,PRIA,BAK,0.19571839,-176.486689
20120315103,Metal,3,2,28391,28362,201203151,20120315103,2012,HA1201,PRIA,BAK,0.19571839,-176.486689
20120315104,Anchor,2,1,28392,28363,201203151,20120315104,2012,HA1201,PRIA,BAK,0.19741576,-176.4856489
20120315104,Chain,4,4,28392,28363,201203151,20120315104,2012,HA1201,PRIA,BAK,0.19741576,-176.4856489
20120315401,Anchor,2,1,28473,28444,201203154,20120315401,2012,HA1201,PRIA,BAK,0.19191822,-176.4886775
20120315404,Anchor,2,1,28476,28447,201203154,20120315404,2012,HA1201,PRIA,BAK,0.18888696,-176.4855155
20120315406,Line,1,1,28478,28449,201203154,20120315406,2012,HA1201,PRIA,BAK,0.18858719,-176.4819504
20120316101,Chain,4,1,28603,28589,201203161,20120316101,2012,HA1201,PRIA,BAK,0.1925718,-176.4884555
20120316101,Metal,3,1,28603,28589,201203161,20120316101,2012,HA1201,PRIA,BAK,0.1925718,-176.4884555
20120316102,Anchor,2,4,28604,28590,201203161,20120316102,2012,HA1201,PRIA,BAK,0.19425429,-176.4875335
20120316102,Chain,4,6,28604,28590,201203161,20120316102,2012,HA1201,PRIA,BAK,0.19425429,-176.4875335
20120316103,Chain,4,1,28605,28591,201203161,20120316103,2012,HA1201,PRIA,BAK,0.19597113,-176.4865526
20120316104,Chain,4,2,28606,28592,201203161,20120316104,2012,HA1201,PRIA,BAK,0.19764222,-176.4855469
20120316105,Line,1,3,28607,28593,201203161,20120316105,2012,HA1201,PRIA,BAK,0.1992769,-176.4845833
20120316309,Line,1,1,28280,28221,201203163,20120316309,2012,HA1201,PRIA,BAK,0.18808204,-176.4777599
20120503108,Anchor,2,1,28184,28125,201205031,20120503108,2012,HA1201,PRIA,JAR,-0.37914639,-160.0153452
20120504305,Line,1,1,28136,28572,201205043,20120504305,2012,HA1201,PRIA,JAR,-0.38071907,-159.9721429
20120505101,Line,1,1,28525,28496,201205051,20120505101,2012,HA1201,PRIA,JAR,-0.38242401,-160.0033145
20120509204,Line,1,2,28385,28356,201205092,20120509204,2012,HA1201,PRIA,KIN,6.37944779,-162.3677881
20120512306,Net,5,2,29554,29555,201205123,20120512306,2012,HA1201,PRIA,KIN,6.40178181,-162.3501447
20120512307,Wreck,7,1,29555,29556,201205123,20120512307,2012,HA1201,PRIA,KIN,6.4033362,-162.3514681
20120512503,Line,1,1,29410,29411,201205125,20120512503,2012,HA1201,PRIA,KIN,6.42977556,-162.3833147
20120517407,Line,1,2,29500,29501,201205174,20120517407,2012,HA1201,PRIA,PAL,5.89682857,-162.0587528
20120518104,Line,1,1,29355,29356,201205181,20120518104,2012,HA1201,PRIA,PAL,5.86339941,-162.1367438
20120518107,Metal,3,1,29358,29359,201205181,20120518107,2012,HA1201,PRIA,PAL,5.86651328,-162.142049
20120518307,Line,1,1,29558,29559,201205183,20120518307,2012,HA1201,PRIA,PAL,5.88499828,-162.1670478
20120519208,Line,1,1,29669,29670,201205192,20120519208,2012,HA1201,PRIA,PAL,5.87954306,-162.1470454
20150126105,Anchor,2,1,32179,33462,201501261,20150126105,2015,HA1501,PRIA,JOH,16.72191125,-169.5588796
20150126106,Metal,3,1,32180,33463,201501261,20150126106,2015,HA1501,PRIA,JOH,16.72374771,-169.5580754
20150126410,Net,5,1,32214,33497,201501264,20150126410,2015,HA1501,PRIA,JOH,16.77202007,-169.5132378
20150127208,Metal,3,1,30821,31911,201501272,20150127208,2015,HA1401,PRIA,JOH,16.70800283,-169.4991295
20150127509,Drum,11,1,30852,32484,201501275,20150127509,2015,HA1401,PRIA,JOH,16.73469034,-169.5378112
20150127510,Cable,6,1,30853,32485,201501275,20150127510,2015,HA1401,PRIA,JOH,16.7359429,-169.5361051
20150127601,Cable,6,1,30854,32486,201501276,20150127601,2015,HA1401,PRIA,JOH,16.73832426,-169.5321881
20150127602,Other,9,1,30846,31936,201501276,20150127602,2015,HA1401,PRIA,JOH,16.73931622,-169.5304856
20150127604,Drum,11,1,30848,31938,201501276,20150127604,2015,HA1401,PRIA,JOH,16.74106902,-169.5274115
20150127604,Metal,3,1,30848,31938,201501276,20150127604,2015,HA1401,PRIA,JOH,16.74106902,-169.5274115
20150208101,Wreck,7,1,32367,33587,201502081,20150208101,2015,HA1501,PRIA,BAK,0.191303414,-176.4888573
20150208102,Wreck,7,1,32368,33588,201502081,20150208102,2015,HA1501,PRIA,BAK,0.192925773,-176.4882858
20150208103,Wreck,7,2,32369,33589,201502081,20150208103,2015,HA1501,PRIA,BAK,0.194578009,-176.4873623
20150408402,Anchor,2,1,31474,33148,201504084,20150408402,2015,HA1501,PRIA,JAR,-0.369241939,-160.0084592
20150417104,Net,5,1,31920,33203,201504171,20150417104,2015,HA1501,PRIA,PAL,5.896864007,-162.0890519
20150425408,Metal,3,0,32121,33404,201504254,20150425408,2015,HA1501,PRIA,KIN,6.427053812,-162.3699759
20080201407,Pipe,8,1,,0,0,0,0,,,,0,0
20080209509,Metal,3,1,,0,0,0,0,,,,0,0
20100127410,Metal,3,1,,0,0,0,0,,,,0,0
